Station,Name,DisplayName,Source,PrimaryType,SID,Start Date,Watersheds,County,City,ST,Latitude,Longitude,Elev (ft),Elev (m),Altimeter Offset (mb),Comments
DSJR,"Kitts Hummock, DE-NERR","Kitts Hummock, DE-NERR",DEOS,Meteorological,5,3/29/2004,St. Jones River,Kent,Kitts Hummock,DE,39.0882,-75.4373,8,2.4,0.3,
DSCR,"West Grove, PA-SECCRA","West Grove, PA-SECCRA",DEOS,Meteorological,106,6/10/2004,White Clay Creek,Chester,West Grove,PA,39.864444,-75.842222,648,197.5,23.5,
DLWG,"Kennett Square, PA-Longwood","Kennett Square, PA-Longwood",DEOS,Meteorological,72,8/4/2004,Red Clay Creek,Chester,Kennett Square,PA,39.871667,-75.6825,460,140.2,16.7,
DBKB,"Blackbird, DE-NERR","Blackbird, DE-NERR",DEOS,Meteorological,14,8/5/2004,Blackbird Creek,New Castle,Townsend,DE,39.391667,-75.628056,41,12.5,1.5,
DCCC,"Christiana, DE-Hospital","Christiana, DE-Hospital",DEOS,Meteorological,39,8/5/2004,Christina River,New Castle,Christiana,DE,39.6876,-75.6693,179,54.6,6.5,Not Active
DCCW,"Wilmington, DE-Hospital","Wilmington, DE-Hospital",DEOS,Meteorological,40,8/5/2004,Brandywine Creek,New Castle,Wilmington,DE,39.7515,-75.5497,225,68.6,8.2,Not Active
DBBB,"Bethany Beach, DE-Boardwalk","Bethany Beach, DE-Boardwalk",DEOS,Meteorological,43,8/5/2004,Little Assawoman Bay,Sussex,Bethany Beach,DE,38.538889,-75.054167,11,3.4,0.4,
DBNG,"Bethany Beach, DE-NGTS","Bethany Beach, DE-NGTS",DEOS,Meteorological,188,8/9/2004,Little Assawoman Bay,Sussex,Bethany Beach,DE,38.5464,-75.0627,7,2.1,0.3,
DCHI,"Wilmington, DE-NSWMC","Wilmington, DE-NSWMC",DEOS,Meteorological,120,8/11/2004,Shellpot Creek,New Castle,Wilmington,DE,39.732778,-75.518333,25,7.6,0.9,
DFHM,"Fair Hill, MD-NRMA","Fair Hill, MD-NRMA",DEOS,Meteorological,49,9/2/2004,Big Elk Creek,Cecil,Elkton,MD,39.7099,-75.8386,150,45.7,5.5,
DSND,"Sandtown,DE-CSWMC","Sandtown,DE-CSWMC",DEOS,Meteorological,118,9/29/2004,Choptank River,Kent,Felton,DE,39.037778,-75.729722,64,19.5,2.3,
DJCR,"Jones Crossroads, DE-SSWMC","Jones Crossroads, DE-SSWMC",DEOS,Meteorological,119,9/29/2004,Deep Creek,Sussex,Georgetown,DE,38.594722,-75.436667,61,18.6,2.2,
DAGF,"Newark, DE-Ag Farm","Newark, DE-Ag Farm",DEOS,Meteorological,95,10/1/2004,White Clay Creek,New Castle,Newark,DE,39.6695,-75.7503,106,32.3,3.9,
DMRJ,"Slaughter Beach, DE-Jetty Light","Slaughter Beach, DE-Jetty Light",DEOS,Meteorological,103,12/7/2004,Mispillon River,Kent,Slaughter Beach,DE,38.9389,-75.3007,10,3,0.4,Not Active
DGES,"Georgetown, DE-REC","Georgetown, DE-REC",DEOS,Meteorological,215,3/8/2005,Deep Creek,Sussex,Georgetown,DE,38.6361,-75.455,45,13.7,1.6,
DWAR,"Harbeson, DE-REC","Harbeson, DE-REC",DEOS,Meteorological,105,3/9/2005,Rehoboth Bay,Sussex,Milton,DE,38.679167,-75.247222,33,10.1,1.2,
DLAU,"Laurel, DE-Airport","Laurel, DE-Airport",DEOS,Meteorological,32,3/31/2005,Broad Creek,Sussex,Laurel,DE,38.5415,-75.5927,29,8.8,1.1,
DTOW,"Townsend, DE-REC","Townsend, DE-REC",DEOS,Meteorological,175,7/27/2005,Sassafras River,New Castle,Townsend,DE,39.3911,-75.7482,69,21,2.5,
DHAR,"Harrington, DE-Raceway","Harrington, DE-Raceway",DEOS,Meteorological,205,8/4/2005,Murderkill River,Kent,Harrington,DE,38.9113,-75.5767,55,16.8,2,
DDFS,"Dover, DE-DSFS","Dover, DE-DSFS",DEOS,Meteorological,153,9/19/2005,St. Jones River,Kent,Dover,DE,39.1697,-75.593,51,15.5,1.9,
DBRG,"Bridgeville, DE-SPS","Bridgeville, DE-SPS",DEOS,Meteorological,57,1/27/2006,Nanticoke River,Sussex,Bridgeville,DE,38.7206,-75.5886,36,11,1.3,
DGLW,"Glasgow, DE-SPB","Glasgow, DE-SPB",DEOS,Meteorological,82,10/13/2006,Christina River,New Castle,Newark,DE,39.6059,-75.7269,63,19.2,2.3,
DHOC,"Hockessin, DE-VFC","Hockessin, DE-VFC",DEOS,Meteorological,2,10/13/2006,White Clay Creek,New Castle,Hockessin,DE,39.7887,-75.7008,253,77.1,9.2,
DMIL,"Milford, DE-MTS","Milford, DE-MTS",DEOS,Meteorological,202,9/26/2007,Mispillon River,Sussex,Milford,DE,38.881667,-75.439722,40,12.2,1.5,
DVIO,"Viola, DE","Viola, DE",DEOS,Meteorological,22,12/20/2007,Murderkill River,Kent,Viola,DE,39.043611,-75.570278,55,16.8,2,Not Active
DSBY,"Selbyville, DE","Selbyville, DE",DEOS,Meteorological,87,12/20/2007,Buntings Branch,Sussex,Selbyville,DE,38.471389,-75.214444,25,7.6,0.9,
DSTK,"Stockley, DE-DHSS","Stockley, DE-DHSS",DEOS,Meteorological,7,12/20/2007,Indian River,Sussex,Millsboro,DE,38.628333,-75.319444,31,9.4,1.1,
DELN,"Ellendale, DE-DHSS","Ellendale, DE-DHSS",DEOS,Meteorological,91,12/21/2007,Cedar Creek,Sussex,Ellendale,DE,38.808333,-75.427222,49,14.9,1.8,
DBUK1,"Kennett Square, PA-Bucktoe","Kennett Square, PA-Bucktoe",DEOS,Meteorological,190,1/10/2008,Red Clay Creek,Chester,Kennett Square,PA,39.82,-75.727222,347,105.8,12.6,
DBUK2,"Kennett Square, PA-Forest","Kennett Square, PA-Forest",DEOS,Meteorological,195,5/12/2008,Red Clay Creek,Chester,Kennett Square,PA,39.819722,-75.723333,335,102.1,12.2,Not Active
DSMY,"Smyrna, DE-DASEF","Smyrna, DE-DASEF",DEOS,Meteorological,225,5/13/2008,Smyrna River,Kent,Smyrna,DE,39.277222,-75.581111,21,6.4,0.8,
DIRL,"Indian River Inlet, DE-LSS","Indian River Inlet, DE-LSS",DEOS,Meteorological,150,6/13/2008,Indian River Bay,Sussex,Bethany Beach,DE,38.633056,-75.066389,15,4.6,0.5,
DRHB,"Rehoboth Beach, DE-Boardwalk","Rehoboth Beach, DE-Boardwalk",DEOS,Meteorological,62,6/13/2008,Rehoboth Bay,Sussex,Rehoboth Beach,DE,38.720833,-75.076667,12,3.7,0.4,
DMTC,"Hockessin, DE-Mt. Cuba","Hockessin, DE-Mt. Cuba",DEOS,Meteorological,179,10/1/2008,Red Clay Creek,New Castle,Hockessin,DE,39.786944,-75.646944,294,89.6,10.7,
DSEA,"Seaford, DE-Oak Grove","Seaford, DE-Oak Grove",DEOS,Meteorological,199,8/20/2009,Nanticoke River,Sussex,Seaford,DE,38.6525,-75.703611,43,13.1,1.6,
DADV,"Greenwood, DE-Adamsville","Greenwood, DE-Adamsville",DEOS,Meteorological,50,8/28/2009,Marshyhope Creek,Kent,Greenwood,DE,38.831389,-75.675833,43,13.1,1.6,
DBLK,"Kenton, DE-Blackiston","Kenton, DE-Blackiston",DEOS,Meteorological,162,9/8/2009,Chester River,Kent,Kenton,DE,39.241667,-75.740833,56,17.1,2,
DGUM,"Delmar, DE-Gumboro","Delmar, DE-Gumboro",DEOS,Meteorological,143,9/8/2009,Pokomoke River,Sussex,Delmar,DE,38.480278,-75.3675,43,13.1,1.6,
DGRN,"Greenville, DE-Winterthur","Greenville, DE-Winterthur",DEOS,Meteorological,79,1/28/2010,Brandywine Creek,New Castle,Greenville,DE,39.8025,-75.607222,426.5,130,15.5,
DDMV,"New Castle, DE-DMV","New Castle, DE-DMV",DEOS,Meteorological,59,12/11/2010,Christina River,New Castle,New Castle,DE,39.668889,-75.626667,74,22.6,2.7,
DPRC,"Wilmington, DE-Prices Corner","Wilmington, DE-Prices Corner",DEOS,Meteorological,17,12/11/2010,Red Clay Creek,New Castle,Wilmington,DE,39.749167,-75.610833,154,46.9,5.6,
DTLY,"Wilmington, DE-Talley","Wilmington, DE-Talley",DEOS,Meteorological,38,12/11/2010,Shellpot Creek,New Castle,Wilmington,DE,39.775278,-75.527778,240,73.2,8.8,
DCLY,"Claymont, DE-Park","Claymont, DE-Park",DEOS,Meteorological,133,12/16/2010,Naamans Creek,New Castle,Claymont,DE,39.809167,-75.455556,102,31.1,3.7,
DWCC,"Newark, DE-White Clay Creek","Newark, DE-White Clay Creek",DEOS,Meteorological,149,12/17/2010,White Clay Creek,New Castle,Newark,DE,39.729167,-75.731111,279,85,10.2,
DNOT,"Nottingham, PA-Park","Nottingham, PA-Park",DEOS,Meteorological,45,4/4/2011,Octoraro Creek,Chester,Nottingham,PA,39.741667,-76.046111,439.6,134,16,
DSGM,"Glenmoore, PA-Springton Manor","Glenmoore, PA-Springton Manor",DEOS,Meteorological,93,4/4/2011,E. Branch Brandywine Creek,Chester,Glenmoore,PA,40.069444,-75.7775,620.1,189,22.5,
DTDF,"Devault, PA-Tredyffrin","Devault, PA-Tredyffrin",DEOS,Meteorological,138,4/4/2011,Valley Creek,Chester,Devault,PA,40.071111,-75.520833,249.3,76,9.1,
DWCH,"West Chester, PA-GSC","West Chester, PA-GSC",DEOS,Meteorological,9,4/4/2011,Chester Creek,Chester,West Chester,PA,39.958611,-75.585,416.7,127,15.2,
DWHW,"Atglen, PA-Wolf's Hollow","Atglen, PA-Wolf's Hollow",DEOS,Meteorological,65,4/4/2011,Octoraro Creek,Chester,Atglen,PA,39.923333,-75.988056,662.7,202,24,
DWPK,"Chester Springs,PA-Park","Chester Springs,PA-Park",DEOS,Meteorological,167,4/4/2011,Pickering Creek,Chester,Chester Springs,PA,40.085833,-75.615833,354.3,108,12.9,
DWWK,"Warwick, PA-Park","Warwick, PA-Park",DEOS,Meteorological,111,4/4/2011,French Creek,Chester,Warwick,PA,40.164722,-75.726111,406.8,124,14.8,
DWBD,"Marshallton, PA-West Bradford","Marshallton, PA-West Bradford",DEOS,Meteorological,228,4/14/2011,W. Branch Brandywine Creek,Chester,West Chester,PA,39.942778,-75.716944,334.6,102,12.2,
DPEP,"Dagsboro, DE-Pepper Creek","Dagsboro, DE-Pepper Creek",DEOS,Meteorological,301,11/9/2012,Pepper Creek,Sussex,Dagsboro,DE,38.561944,-75.206944,6,1.8,0.2,
DPKC,"Wilmington, DE-Pike Creek","Wilmington, DE-Pike Creek",DEOS,Meteorological,216,4/10/2013,White Clay Creek,New Castle,Wilmington,DE,39.730278,-75.685556,168,51.2,6.1,
DLNK,"Millsboro, DE-Long Neck","Millsboro, DE-Long Neck",DEOS,Meteorological,126,10/22/2013,Indian River Bay,Sussex,Millsboro,DE,38.616111,-75.118056,10,3,0.4,
DCPH,"Lewes, DE-Cape Henlopen","Lewes, DE-Cape Henlopen",DEOS,Meteorological,217,4/4/2014,Lewes Rehoboth Canal,Sussex,Lewes,DE,38.770278,-75.085278,23,7,0.8,
DWDS,"Woodside, DE-Willow Grove","Woodside, DE-Willow Grove",DEOS,Meteorological,139,9/5/2014,Choptank River,Kent,Woodside,DE,39.060556,-75.639722,45.9,14,1.7,
DPAR,"Dover, DE-Paradee","Dover, DE-Paradee",DEOS,Meteorological,58,11/25/2014,St. Jones River,Kent,Dover,DE,39.146389,-75.503333,36.1,11,1.3,
DPPN,"Port Penn, DE-VFC","Port Penn, DE-VFC",DEOS,Meteorological,12,11/25/2014,C&D Canal East,New Castle,Port Penn,DE,39.5175,-75.585833,13.1,4,0.5,
DFRE,"Frederica, DE","Frederica, DE",DEOS,Meteorological,156,11/26/2014,Murderkill River,Kent,Frederica,DE,38.996389,-75.438056,23,7,0.8,
DLEW,"Lewes, DE-University","Lewes, DE-University",DEOS,Meteorological,27,11/26/2014,Broadkill River,Sussex,Lewes,DE,38.784167,-75.158056,12,3.7,0.4,
DNAS,"Lewes, DE-Nassau","Lewes, DE-Nassau",DEOS,Meteorological,181,2/17/2015,Rehoboth Bay,Sussex,Lewes,DE,38.712778,-75.148611,29.5,9,1.1,
DNEM,"North East, MD-Landfill","North East, MD-Landfill",DEOS,Meteorological,15,12/19/2014,North East River,Cecil,North East,MD,39.597222,-75.913611,185,56.4,6.8,
DPMH,"Prime Hook, DE-NWR","Prime Hook, DE-NWR",DEOS,Meteorological,141,12/16/2016,Broadkill River,Sussex,Primehook Beach,DE,38.828083,-75.251528,7,2.1,0.3,
DDAG,"Dagsboro, DE","Dagsboro, DE",DEOS,Meteorological,88,10/3/2017,Indian River Bay,Sussex,Dagsboro,DE,38.542222,-75.234722,23,7,0.8,
